https://en.wikipedia.org/wiki/Marvel_Cinematic_Universe:_Phase_Four,Marvel Cinematic Universe: Phase Four,59787
https://en.wikipedia.org/wiki/Marin_%C4%8Cili%C4%87,Marin Čilić,27203
https://en.wikipedia.org/wiki/Mac_Miller,Mac Miller,243253
https://en.wikipedia.org/wiki/Joe_Goldberg,Joe Goldberg,42935
https://en.wikipedia.org/wiki/Human_penis_size,Human penis size,57168
https://en.wikipedia.org/wiki/Cole_Sprouse,Cole Sprouse,44413
https://en.wikipedia.org/wiki/2019%E2%80%9320_Hong_Kong_protests,2019–20 Hong Kong protests,30272
https://en.wikipedia.org/wiki/James_Dean,James Dean,33000
https://en.wikipedia.org/wiki/Jonathan_Pryce,Jonathan Pryce,56857
https://en.wikipedia.org/wiki/Nikola_Tesla,Nikola Tesla,266673
"https://en.wikipedia.org/wiki/Camilla,_Duchess_of_Cornwall","Camilla, Duchess of Cornwall",120987
https://en.wikipedia.org/wiki/Mary-Louise_Parker,Mary-Louise Parker,30162
https://en.wikipedia.org/wiki/Stormzy,Stormzy,32798
https://en.wikipedia.org/wiki/Jay_and_Silent_Bob_Reboot,Jay and Silent Bob Reboot,45734
https://en.wikipedia.org/wiki/2016_United_States_presidential_election,2016 United States presidential election,109233
https://en.wikipedia.org/wiki/Jared_Harris,Jared Harris,40011
https://en.wikipedia.org/wiki/Iran%E2%80%93Iraq_War,Iran–Iraq War,26861
https://en.wikipedia.org/wiki/Sarah_Jessica_Parker,Sarah Jessica Parker,39891
https://en.wikipedia.org/wiki/Leicester_City_F.C.,Leicester City F.C.,30418
https://en.wikipedia.org/wiki/Emilio_Estevez,Emilio Estevez,55077
https://en.wikipedia.org/wiki/Qasem_Soleimani,Qasem Soleimani,64838
https://en.wikipedia.org/wiki/Norway,Norway,68714
https://en.wikipedia.org/wiki/John_Malkovich,John Malkovich,43322
https://en.wikipedia.org/wiki/Vanessa_Kirby,Vanessa Kirby,45670
https://en.wikipedia.org/wiki/Alexander_Ovechkin,Alexander Ovechkin,31636
https://en.wikipedia.org/wiki/Clint_Eastwood,Clint Eastwood,112974
https://en.wikipedia.org/wiki/Vladimir_Putin,Vladimir Putin,113704
https://en.wikipedia.org/wiki/Mindy_Kaling,Mindy Kaling,34206
https://en.wikipedia.org/wiki/Strawberry,Strawberry,102285
https://en.wikipedia.org/wiki/Keir_Starmer,Keir Starmer,77906
https://en.wikipedia.org/wiki/Robbie_Coltrane,Robbie Coltrane,27688
https://en.wikipedia.org/wiki/Chris_Kyle,Chris Kyle,102076
https://en.wikipedia.org/wiki/The_Turning_(2020_film),The Turning (2020 film),156339
https://en.wikipedia.org/wiki/Emiliano_Sala,Emiliano Sala,29094
https://en.wikipedia.org/wiki/Dog,Dog,58513
https://en.wikipedia.org/wiki/Lamar_Hunt,Lamar Hunt,186682
https://en.wikipedia.org/wiki/David_Attenborough,David Attenborough,55146
https://en.wikipedia.org/wiki/Coldplay,Coldplay,31680
https://en.wikipedia.org/wiki/George_T._Conway_III,George T. Conway III,27756
https://en.wikipedia.org/wiki/Baby_Driver,Baby Driver,35983
https://en.wikipedia.org/wiki/Becky_Hill,Becky Hill,47878
https://en.wikipedia.org/wiki/Peaky_Blinders,Peaky Blinders,50684
https://en.wikipedia.org/wiki/Alan_Rickman,Alan Rickman,55126
https://en.wikipedia.org/wiki/Goundamani,Goundamani,28270
https://en.wikipedia.org/wiki/Ball_lightning,Ball lightning,42616
https://en.wikipedia.org/wiki/Colorado,Colorado,26924
https://en.wikipedia.org/wiki/2017_NFL_Draft,2017 NFL Draft,91375
"https://en.wikipedia.org/wiki/Anne,_Princess_Royal","Anne, Princess Royal",201562
https://en.wikipedia.org/wiki/Jennifer_Coolidge,Jennifer Coolidge,33665
https://en.wikipedia.org/wiki/Stuart_Townsend,Stuart Townsend,33792
https://en.wikipedia.org/wiki/Mere_Paas_Tum_Ho,Mere Paas Tum Ho,65955
https://en.wikipedia.org/wiki/August_Ames,August Ames,27879
https://en.wikipedia.org/wiki/Jordan_Rodgers,Jordan Rodgers,34598
https://en.wikipedia.org/wiki/Terrell_Suggs,Terrell Suggs,44478
"https://en.wikipedia.org/wiki/Diana,_Princess_of_Wales","Diana, Princess of Wales",295139
https://en.wikipedia.org/wiki/Bryce_Dallas_Howard,Bryce Dallas Howard,36449
https://en.wikipedia.org/wiki/The_Crown,The Crown,41993
https://en.wikipedia.org/wiki/Star_Trek:_Deep_Space_Nine,Star Trek: Deep Space Nine,28246
https://en.wikipedia.org/wiki/The_Good_Liar,The Good Liar,27331
https://en.wikipedia.org/wiki/2019%E2%80%9320_NFL_playoffs,2019–20 NFL playoffs,48637
https://en.wikipedia.org/wiki/Eric_Rudolph,Eric Rudolph,72208
https://en.wikipedia.org/wiki/Finneas_O%27Connell,Finneas O'Connell,82682
https://en.wikipedia.org/wiki/Safdie_brothers,Safdie brothers,49790
https://en.wikipedia.org/wiki/Dave_Duerson,Dave Duerson,34146
https://en.wikipedia.org/wiki/Green_Book_(film),Green Book (film),53397
https://en.wikipedia.org/wiki/PayPal,PayPal,29995
https://en.wikipedia.org/wiki/Orson_Welles,Orson Welles,30404
https://en.wikipedia.org/wiki/Lil_Peep,Lil Peep,40082
https://en.wikipedia.org/wiki/Ken_Miles,Ken Miles,256309
https://en.wikipedia.org/wiki/Gordon_Cooper,Gordon Cooper,54867
https://en.wikipedia.org/wiki/Florida,Florida,43454
https://en.wikipedia.org/wiki/Janet_Jackson,Janet Jackson,28101
https://en.wikipedia.org/wiki/Premier_League_records_and_statistics,Premier League records and statistics,72953
https://en.wikipedia.org/wiki/Lenny_Bruce,Lenny Bruce,63528
https://en.wikipedia.org/wiki/Vietnam_War,Vietnam War,94101
https://en.wikipedia.org/wiki/Wolfgang_Amadeus_Mozart,Wolfgang Amadeus Mozart,49339
https://en.wikipedia.org/wiki/Lord_Byron,Lord Byron,35888
https://en.wikipedia.org/wiki/2020_Masters_(snooker),2020 Masters (snooker),81057
https://en.wikipedia.org/wiki/David_Schwimmer,David Schwimmer,37340
https://en.wikipedia.org/wiki/Sinhagad,Sinhagad,83371
https://en.wikipedia.org/wiki/Wes_Anderson,Wes Anderson,31510
https://en.wikipedia.org/wiki/United_Arab_Emirates,United Arab Emirates,72332
https://en.wikipedia.org/wiki/Masturbation,Masturbation,54030
https://en.wikipedia.org/wiki/Francisco_Balagtas,Francisco Balagtas,30573
https://en.wikipedia.org/wiki/Bernard_Arnault,Bernard Arnault,59570
https://en.wikipedia.org/wiki/Creampie_(sexual_act),Creampie (sexual act),29343
https://en.wikipedia.org/wiki/Hidden_Bodies,Hidden Bodies,27489
https://en.wikipedia.org/wiki/The_Morning_Show_(American_TV_series),The Morning Show (American TV series),132572
https://en.wikipedia.org/wiki/Year_2038_problem,Year 2038 problem,50411
https://en.wikipedia.org/wiki/Ja_Morant,Ja Morant,74172
https://en.wikipedia.org/wiki/Deepwater_Horizon_oil_spill,Deepwater Horizon oil spill,28259
https://en.wikipedia.org/wiki/Polycystic_ovary_syndrome,Polycystic ovary syndrome,28395
https://en.wikipedia.org/wiki/Mohammad_Reza_Pahlavi,Mohammad Reza Pahlavi,33973
https://en.wikipedia.org/wiki/Andrew_Jackson,Andrew Jackson,38883
https://en.wikipedia.org/wiki/Angkor_Wat,Angkor Wat,27194
https://en.wikipedia.org/wiki/Mark_Twain,Mark Twain,30240
https://en.wikipedia.org/wiki/Roberto_Firmino,Roberto Firmino,43871
"https://en.wikipedia.org/wiki/Bobby_Brown_(footballer,_born_1923)","Bobby Brown (footballer, born 1923)",41310
https://en.wikipedia.org/wiki/Vince_Vaughn,Vince Vaughn,26898
https://en.wikipedia.org/wiki/The_Talented_Mr._Ripley_(film),The Talented Mr. Ripley (film),33194
https://en.wikipedia.org/wiki/Liv_Tyler,Liv Tyler,220131
https://en.wikipedia.org/wiki/Doom_Eternal,Doom Eternal,62958
https://en.wikipedia.org/wiki/The_Holocaust,The Holocaust,98127
https://en.wikipedia.org/wiki/Super_Bowl_LIV,Super Bowl LIV,315105
https://en.wikipedia.org/wiki/Tilda_Swinton,Tilda Swinton,30889
https://en.wikipedia.org/wiki/Swastika,Swastika,40183
https://en.wikipedia.org/wiki/Melissa_Benoist,Melissa Benoist,29117
https://en.wikipedia.org/wiki/Nero,Nero,28781
https://en.wikipedia.org/wiki/Intermittent_fasting,Intermittent fasting,55482
https://en.wikipedia.org/wiki/Katherine_Johnson,Katherine Johnson,27634
https://en.wikipedia.org/wiki/Syrian_Civil_War,Syrian Civil War,41226
https://en.wikipedia.org/wiki/List_of_highest-grossing_Indian_films,List of highest-grossing Indian films,107033
https://en.wikipedia.org/wiki/Rudy_Ray_Moore,Rudy Ray Moore,55938
https://en.wikipedia.org/wiki/Kazakhstan,Kazakhstan,53553
https://en.wikipedia.org/wiki/Wendy_Williams,Wendy Williams,49236
https://en.wikipedia.org/wiki/Zumbo%27s_Just_Desserts,Zumbo's Just Desserts,44280
https://en.wikipedia.org/wiki/Shylock_(2020_film),Shylock (2020 film),35763
https://en.wikipedia.org/wiki/Cary_Grant,Cary Grant,45657
https://en.wikipedia.org/wiki/World_Health_Organization,World Health Organization,45628
https://en.wikipedia.org/wiki/Sharon_Stone,Sharon Stone,34360
https://en.wikipedia.org/wiki/Richard_Pryor,Richard Pryor,83763
https://en.wikipedia.org/wiki/The_Winds_of_Winter,The Winds of Winter,28277
https://en.wikipedia.org/wiki/Cold_War,Cold War,51577
https://en.wikipedia.org/wiki/Rheumatoid_arthritis,Rheumatoid arthritis,28823
https://en.wikipedia.org/wiki/Jonestown,Jonestown,36542
https://en.wikipedia.org/wiki/Hailee_Steinfeld,Hailee Steinfeld,49540
https://en.wikipedia.org/wiki/Eliza_Scanlen,Eliza Scanlen,31861
https://en.wikipedia.org/wiki/The_Gentlemen_(2019_film),The Gentlemen (2019 film),166627
https://en.wikipedia.org/wiki/Hank_Azaria,Hank Azaria,95104
https://en.wikipedia.org/wiki/Tom_Petty,Tom Petty,29620
https://en.wikipedia.org/wiki/2018_NFL_Draft,2018 NFL Draft,41940
https://en.wikipedia.org/wiki/Ren%C3%A9e_Zellweger,Renée Zellweger,141038
https://en.wikipedia.org/wiki/Baywatch_(film),Baywatch (film),29587
https://en.wikipedia.org/wiki/Rocky_Johnson,Rocky Johnson,226954
https://en.wikipedia.org/wiki/Novak_Djokovic,Novak Djokovic,96719
https://en.wikipedia.org/wiki/Pok%C3%A9mon_(video_game_series),Pokémon (video game series),32195
https://en.wikipedia.org/wiki/John_Mulaney,John Mulaney,43076
https://en.wikipedia.org/wiki/Martin_Scorsese_filmography,Martin Scorsese filmography,31285
https://en.wikipedia.org/wiki/Nawazuddin_Siddiqui,Nawazuddin Siddiqui,33243
https://en.wikipedia.org/wiki/Call_of_Duty,Call of Duty,54165
https://en.wikipedia.org/wiki/Scott_Eastwood,Scott Eastwood,36478
https://en.wikipedia.org/wiki/Tony_Romo,Tony Romo,52629
https://en.wikipedia.org/wiki/Pati_Patni_Aur_Woh_(2019_film),Pati Patni Aur Woh (2019 film),50849
https://en.wikipedia.org/wiki/Gail_Porter,Gail Porter,55547
https://en.wikipedia.org/wiki/Terminator:_Dark_Fate,Terminator: Dark Fate,323603
https://en.wikipedia.org/wiki/Fast_%26_Furious_9,Fast & Furious 9,62291
https://en.wikipedia.org/wiki/The_Host_(2006_film),The Host (2006 film),29971
https://en.wikipedia.org/wiki/The_Falcon_and_the_Winter_Soldier,The Falcon and the Winter Soldier,31796
https://en.wikipedia.org/wiki/Jeremy_Strong_(actor),Jeremy Strong (actor),28764
https://en.wikipedia.org/wiki/Julius_Caesar,Julius Caesar,61336